text,label
"Build quality feels average and not very premium. Overall, it was an average experience.",quality
"Communication from customer care lacked clarity. but I expected a better experience. Overall, it was an average experience.",support
"Overall quality did not fully meet expectations. but customer support was helpful. Overall, it was an average experience.",packaging
The product feels slightly expensive for what it offers. even though the packaging was fine.,support
"After regular use, small issues started appearing. despite overall acceptable quality. Overall, it was an average experience.",quality
The courier handling felt average. but I expected a better experience.,delivery
Protective wrapping was average.,packaging
Communication from customer care lacked clarity. even though the packaging was fine.,support
"Box had minor dents but product was intact. though pricing felt reasonable. Overall, it was an average experience.",packaging
"After regular use, small issues started appearing. but I expected a better experience.",quality
"Delivery updates were not very clear. though pricing felt reasonable. Overall, it was an average experience.",delivery
Customer support response was somewhat slow. despite overall acceptable quality.,support
"Durability seems slightly questionable. but I expected a better experience. Overall, it was an average experience.",quality
Delivery updates were not very clear. despite overall acceptable quality.,packaging
"After regular use, small issues started appearing. even though the packaging was fine.",quality
Service response time could be improved. although delivery was smooth.,support
The issue was addressed but not efficiently. though pricing felt reasonable.,support
"The item reached me later than expected. but I expected a better experience. Overall, it was an average experience.",delivery
"Outer box appeared a bit damaged. Overall, it was an average experience.",packaging
"Value for money is somewhat debatable. even though the packaging was fine. Overall, it was an average experience.",pricing
"Overall quality did not fully meet expectations. though pricing felt reasonable. Overall, it was an average experience.",quality
Build quality feels average and not very premium. despite overall acceptable quality.,quality
Communication from customer care lacked clarity. though pricing felt reasonable.,support
The pricing structure could be more competitive. although delivery was smooth.,pricing
"Price seems high compared to similar options. Overall, it was an average experience.",pricing
Price seems high compared to similar options. but I expected a better experience.,pricing
"The packaging looked slightly worn on arrival. though pricing felt reasonable. Overall, it was an average experience.",packaging
"The support team provided partial assistance. although delivery was smooth. Overall, it was an average experience.",support
The issue was addressed but not efficiently. even though the packaging was fine.,support
"The support team provided partial assistance. even though the packaging was fine. Overall, it was an average experience.",support
"Communication from customer care lacked clarity. Overall, it was an average experience.",support
Seal condition was not perfect. though pricing felt reasonable.,packaging
"Packaging quality could be improved. though pricing felt reasonable. Overall, it was an average experience.",packaging
"It took longer than usual to arrive. but I expected a better experience. Overall, it was an average experience.",delivery
Packaging quality could be improved.,packaging
"Customer support response was somewhat slow. despite overall acceptable quality. Overall, it was an average experience.",support
The packaging looked slightly worn on arrival.,packaging
"Protective wrapping was average. although delivery was smooth. Overall, it was an average experience.",packaging
"The packaging looked slightly worn on arrival. but I expected a better experience. Overall, it was an average experience.",packaging
The packaging looked slightly worn on arrival. despite overall acceptable quality.,packaging
"Value for money is somewhat debatable. despite overall acceptable quality. Overall, it was an average experience.",pricing
It took longer than usual to arrive. but customer support was helpful.,delivery
"The pricing structure could be more competitive. but I expected a better experience. Overall, it was an average experience.",pricing
Communication from customer care lacked clarity.,support
"The product performance was not consistent over time. Overall, it was an average experience.",quality
"Considering the cost, expectations were higher. even though the packaging was fine.",support
"It took longer than usual to arrive. but customer support was helpful. Overall, it was an average experience.",delivery
The packaging looked slightly worn on arrival. though pricing felt reasonable.,packaging
"Build quality feels average and not very premium. although delivery was smooth. Overall, it was an average experience.",quality
"Delivery updates were not very clear. but customer support was helpful. Overall, it was an average experience.",delivery
Customer support response was somewhat slow. but I expected a better experience.,support
Build quality feels average and not very premium. though pricing felt reasonable.,quality
"The support team provided partial assistance. but customer support was helpful. Overall, it was an average experience.",support
"I received it a few days after the promised date. although delivery was smooth. Overall, it was an average experience.",delivery
I had to follow up multiple times for resolution. though pricing felt reasonable.,support
"Build quality feels average and not very premium. though pricing felt reasonable. Overall, it was an average experience.",support
Delivery updates were not very clear.,delivery
"After regular use, small issues started appearing. even though the packaging was fine. Overall, it was an average experience.",quality
Price seems high compared to similar options.,pricing
I received it a few days after the promised date.,delivery
"Seal condition was not perfect. even though the packaging was fine. Overall, it was an average experience.",packaging
"Durability seems slightly questionable. Overall, it was an average experience.",quality
"It is not entirely worth the amount paid. even though the packaging was fine. Overall, it was an average experience.",pricing
There was a delay in shipping. despite overall acceptable quality.,delivery
Customer support response was somewhat slow. though pricing felt reasonable.,support
The pricing structure could be more competitive. but customer support was helpful.,pricing
Box had minor dents but product was intact.,packaging
"It works fine but has minor functional problems. even though the packaging was fine. Overall, it was an average experience.",quality
Communication from customer care lacked clarity. but customer support was helpful.,quality
"Considering the cost, expectations were higher. though pricing felt reasonable. Overall, it was an average experience.",pricing
"Overall quality did not fully meet expectations. but I expected a better experience. Overall, it was an average experience.",quality
"I had to follow up multiple times for resolution. but customer support was helpful. Overall, it was an average experience.",support
I had to follow up multiple times for resolution.,packaging
"Overall quality did not fully meet expectations. Overall, it was an average experience.",quality
"There was a delay in shipping. even though the packaging was fine. Overall, it was an average experience.",delivery
Protective wrapping was average. even though the packaging was fine.,packaging
"Considering the cost, expectations were higher. Overall, it was an average experience.",pricing
"Packaging quality could be improved. but I expected a better experience. Overall, it was an average experience.",quality
"I received it a few days after the promised date. but I expected a better experience. Overall, it was an average experience.",delivery
"Protective wrapping was average. Overall, it was an average experience.",packaging
Box had minor dents but product was intact. but customer support was helpful.,packaging
"Considering the cost, expectations were higher. although delivery was smooth. Overall, it was an average experience.",support
Overall quality did not fully meet expectations. even though the packaging was fine.,quality
"Considering the cost, expectations were higher. though pricing felt reasonable.",pricing
The item reached me later than expected.,delivery
Value for money is somewhat debatable. but customer support was helpful.,pricing
"It works fine but has minor functional problems. although delivery was smooth. Overall, it was an average experience.",quality
Durability seems slightly questionable. but I expected a better experience.,support
"Protective wrapping was average. but I expected a better experience. Overall, it was an average experience.",packaging
The courier handling felt average. despite overall acceptable quality.,delivery
"The item reached me later than expected. despite overall acceptable quality. Overall, it was an average experience.",delivery
Value for money is somewhat debatable. but I expected a better experience.,pricing
"The product feels slightly expensive for what it offers. even though the packaging was fine. Overall, it was an average experience.",pricing
"The item reached me later than expected. even though the packaging was fine. Overall, it was an average experience.",delivery
"It is not entirely worth the amount paid. though pricing felt reasonable. Overall, it was an average experience.",pricing
"The product performance was not consistent over time. although delivery was smooth. Overall, it was an average experience.",quality
"It took longer than usual to arrive. although delivery was smooth. Overall, it was an average experience.",delivery
"The product performance was not consistent over time. though pricing felt reasonable. Overall, it was an average experience.",quality
Durability seems slightly questionable. though pricing felt reasonable.,quality
"The product performance was not consistent over time. despite overall acceptable quality. Overall, it was an average experience.",quality
Value for money is somewhat debatable.,pricing
"The pricing structure could be more competitive. Overall, it was an average experience.",pricing
Delivery updates were not very clear. though pricing felt reasonable.,delivery
"The pricing structure could be more competitive. but customer support was helpful. Overall, it was an average experience.",pricing
Value for money is somewhat debatable. even though the packaging was fine.,pricing
Protective wrapping was average. but I expected a better experience.,packaging
"The product performance was not consistent over time. but I expected a better experience. Overall, it was an average experience.",quality
The support team provided partial assistance. but I expected a better experience.,support
"After regular use, small issues started appearing. although delivery was smooth. Overall, it was an average experience.",quality
The courier handling felt average.,delivery
"Delivery updates were not very clear. but I expected a better experience. Overall, it was an average experience.",pricing
Price seems high compared to similar options. even though the packaging was fine.,pricing
The courier handling felt average. although delivery was smooth.,delivery
I had to follow up multiple times for resolution. although delivery was smooth.,support
"Protective wrapping was average. though pricing felt reasonable. Overall, it was an average experience.",packaging
"Durability seems slightly questionable. even though the packaging was fine. Overall, it was an average experience.",quality
It took longer than usual to arrive. despite overall acceptable quality.,delivery
It works fine but has minor functional problems.,quality
The pricing structure could be more competitive.,pricing
"Service response time could be improved. Overall, it was an average experience.",support
It is not entirely worth the amount paid.,pricing
Build quality feels average and not very premium. even though the packaging was fine.,quality
"The pricing structure could be more competitive. even though the packaging was fine. Overall, it was an average experience.",pricing
"Considering the cost, expectations were higher. but I expected a better experience.",pricing
Delivery updates were not very clear. but customer support was helpful.,delivery
The support team provided partial assistance. despite overall acceptable quality.,support
"The issue was addressed but not efficiently. though pricing felt reasonable. Overall, it was an average experience.",support
It works fine but has minor functional problems. but customer support was helpful.,quality
"I had to follow up multiple times for resolution. despite overall acceptable quality. Overall, it was an average experience.",support
Box had minor dents but product was intact. but I expected a better experience.,packaging
Box had minor dents but product was intact. even though the packaging was fine.,packaging
"Durability seems slightly questionable. though pricing felt reasonable. Overall, it was an average experience.",delivery
Overall quality did not fully meet expectations. despite overall acceptable quality.,quality
"Outer box appeared a bit damaged. but customer support was helpful. Overall, it was an average experience.",delivery
The item reached me later than expected. but I expected a better experience.,delivery
"Communication from customer care lacked clarity. although delivery was smooth. Overall, it was an average experience.",support
Build quality feels average and not very premium. but I expected a better experience.,quality
"The courier handling felt average. though pricing felt reasonable. Overall, it was an average experience.",delivery
"Customer support response was somewhat slow. though pricing felt reasonable. Overall, it was an average experience.",support
"Protective wrapping was average. but customer support was helpful. Overall, it was an average experience.",packaging
Durability seems slightly questionable.,quality
"Box had minor dents but product was intact. but I expected a better experience. Overall, it was an average experience.",packaging
"Service response time could be improved. although delivery was smooth. Overall, it was an average experience.",support
"Protective wrapping was average. even though the packaging was fine. Overall, it was an average experience.",delivery
"The courier handling felt average. despite overall acceptable quality. Overall, it was an average experience.",delivery
"The product performance was not consistent over time. even though the packaging was fine. Overall, it was an average experience.",quality
"It works fine but has minor functional problems. despite overall acceptable quality. Overall, it was an average experience.",quality
"After regular use, small issues started appearing. but customer support was helpful.",quality
Delivery updates were not very clear. although delivery was smooth.,delivery
Outer box appeared a bit damaged. although delivery was smooth.,packaging
Overall quality did not fully meet expectations. but customer support was helpful.,quality
"I received it a few days after the promised date. despite overall acceptable quality. Overall, it was an average experience.",delivery
The product feels slightly expensive for what it offers. although delivery was smooth.,pricing
The issue was addressed but not efficiently. despite overall acceptable quality.,support
It works fine but has minor functional problems. despite overall acceptable quality.,quality
"There was a delay in shipping. Overall, it was an average experience.",delivery
Seal condition was not perfect. although delivery was smooth.,packaging
"It works fine but has minor functional problems. though pricing felt reasonable. Overall, it was an average experience.",quality
"Communication from customer care lacked clarity. though pricing felt reasonable. Overall, it was an average experience.",support
Durability seems slightly questionable. despite overall acceptable quality.,quality
"The courier handling felt average. but I expected a better experience. Overall, it was an average experience.",delivery
Communication from customer care lacked clarity. despite overall acceptable quality.,support
"It is not entirely worth the amount paid. Overall, it was an average experience.",pricing
"Outer box appeared a bit damaged. despite overall acceptable quality. Overall, it was an average experience.",packaging
Seal condition was not perfect.,packaging
Service response time could be improved.,support
"Price seems high compared to similar options. though pricing felt reasonable. Overall, it was an average experience.",pricing
It took longer than usual to arrive. but I expected a better experience.,packaging
Seal condition was not perfect. despite overall acceptable quality.,packaging
It is not entirely worth the amount paid. though pricing felt reasonable.,pricing
It works fine but has minor functional problems. but I expected a better experience.,quality
"The support team provided partial assistance. but I expected a better experience. Overall, it was an average experience.",support
Box had minor dents but product was intact. although delivery was smooth.,support
"I received it a few days after the promised date. though pricing felt reasonable. Overall, it was an average experience.",delivery
"Outer box appeared a bit damaged. although delivery was smooth. Overall, it was an average experience.",packaging
"Seal condition was not perfect. but I expected a better experience. Overall, it was an average experience.",packaging
There was a delay in shipping. but I expected a better experience.,delivery
"The product feels slightly expensive for what it offers. though pricing felt reasonable. Overall, it was an average experience.",pricing
I received it a few days after the promised date. but I expected a better experience.,delivery
Outer box appeared a bit damaged.,packaging
"Communication from customer care lacked clarity. even though the packaging was fine. Overall, it was an average experience.",support
The product feels slightly expensive for what it offers. but customer support was helpful.,pricing
"Packaging quality could be improved. but customer support was helpful. Overall, it was an average experience.",support
"I received it a few days after the promised date. but customer support was helpful. Overall, it was an average experience.",delivery
It is not entirely worth the amount paid. but I expected a better experience.,delivery
"Box had minor dents but product was intact. Overall, it was an average experience.",packaging
"It is not entirely worth the amount paid. but I expected a better experience. Overall, it was an average experience.",pricing
Customer support response was somewhat slow.,support
Protective wrapping was average. but customer support was helpful.,packaging
Protective wrapping was average. despite overall acceptable quality.,packaging
"There was a delay in shipping. but I expected a better experience. Overall, it was an average experience.",delivery
"After regular use, small issues started appearing. though pricing felt reasonable. Overall, it was an average experience.",quality
"Box had minor dents but product was intact. even though the packaging was fine. Overall, it was an average experience.",pricing
The support team provided partial assistance.,support
"The issue was addressed but not efficiently. although delivery was smooth. Overall, it was an average experience.",support
"Considering the cost, expectations were higher. despite overall acceptable quality.",pricing
"After regular use, small issues started appearing. despite overall acceptable quality.",quality
"I had to follow up multiple times for resolution. Overall, it was an average experience.",support
"Considering the cost, expectations were higher. but customer support was helpful. Overall, it was an average experience.",pricing
Overall quality did not fully meet expectations.,quality
Price seems high compared to similar options. but customer support was helpful.,pricing
The product feels slightly expensive for what it offers. despite overall acceptable quality.,pricing
"Outer box appeared a bit damaged. even though the packaging was fine. Overall, it was an average experience.",packaging
"Considering the cost, expectations were higher. even though the packaging was fine. Overall, it was an average experience.",pricing
"The product feels slightly expensive for what it offers. despite overall acceptable quality. Overall, it was an average experience.",pricing
"Delivery updates were not very clear. even though the packaging was fine. Overall, it was an average experience.",delivery
The packaging looked slightly worn on arrival. but I expected a better experience.,packaging
There was a delay in shipping.,delivery
It took longer than usual to arrive. though pricing felt reasonable.,delivery
"The item reached me later than expected. Overall, it was an average experience.",delivery
"Service response time could be improved. though pricing felt reasonable. Overall, it was an average experience.",support
Service response time could be improved. but I expected a better experience.,support
"Customer support response was somewhat slow. but I expected a better experience. Overall, it was an average experience.",support
The support team provided partial assistance. although delivery was smooth.,support
"I had to follow up multiple times for resolution. though pricing felt reasonable. Overall, it was an average experience.",support
"The product feels slightly expensive for what it offers. but I expected a better experience. Overall, it was an average experience.",pricing
Communication from customer care lacked clarity. but I expected a better experience.,support
It took longer than usual to arrive.,delivery
"After regular use, small issues started appearing. but I expected a better experience. Overall, it was an average experience.",quality
The product performance was not consistent over time. but customer support was helpful.,quality
There was a delay in shipping. even though the packaging was fine.,delivery
"There was a delay in shipping. but customer support was helpful. Overall, it was an average experience.",delivery
The issue was addressed but not efficiently. although delivery was smooth.,support
"Box had minor dents but product was intact. but customer support was helpful. Overall, it was an average experience.",quality
"The item reached me later than expected. but customer support was helpful. Overall, it was an average experience.",delivery
Packaging quality could be improved. but I expected a better experience.,packaging
The item reached me later than expected. although delivery was smooth.,delivery
Outer box appeared a bit damaged. but I expected a better experience.,packaging
It works fine but has minor functional problems. although delivery was smooth.,quality
Service response time could be improved. though pricing felt reasonable.,support
The product performance was not consistent over time. even though the packaging was fine.,quality
"Service response time could be improved. despite overall acceptable quality. Overall, it was an average experience.",support
"After regular use, small issues started appearing.",quality
It works fine but has minor functional problems. though pricing felt reasonable.,quality
"The issue was addressed but not efficiently. but I expected a better experience. Overall, it was an average experience.",support
Packaging quality could be improved. but customer support was helpful.,packaging
I received it a few days after the promised date. even though the packaging was fine.,support
"The support team provided partial assistance. Overall, it was an average experience.",support
"After regular use, small issues started appearing. though pricing felt reasonable.",quality
Build quality feels average and not very premium. although delivery was smooth.,quality
The item reached me later than expected. despite overall acceptable quality.,delivery
"Overall quality did not fully meet expectations. despite overall acceptable quality. Overall, it was an average experience.",quality
"Seal condition was not perfect. although delivery was smooth. Overall, it was an average experience.",packaging
"Service response time could be improved. but customer support was helpful. Overall, it was an average experience.",support
"Durability seems slightly questionable. although delivery was smooth. Overall, it was an average experience.",quality
Customer support response was somewhat slow. even though the packaging was fine.,support
The pricing structure could be more competitive. though pricing felt reasonable.,pricing
"Delivery updates were not very clear. Overall, it was an average experience.",packaging
"Overall quality did not fully meet expectations. although delivery was smooth. Overall, it was an average experience.",quality
I had to follow up multiple times for resolution. but I expected a better experience.,support
The packaging looked slightly worn on arrival. although delivery was smooth.,packaging
"It took longer than usual to arrive. even though the packaging was fine. Overall, it was an average experience.",delivery
"Packaging quality could be improved. although delivery was smooth. Overall, it was an average experience.",packaging
"Build quality feels average and not very premium. despite overall acceptable quality. Overall, it was an average experience.",quality
"The product performance was not consistent over time. but customer support was helpful. Overall, it was an average experience.",quality
The support team provided partial assistance. even though the packaging was fine.,quality
Service response time could be improved. despite overall acceptable quality.,quality
"After regular use, small issues started appearing. Overall, it was an average experience.",quality
Outer box appeared a bit damaged. but customer support was helpful.,packaging
"It took longer than usual to arrive. though pricing felt reasonable. Overall, it was an average experience.",delivery
The pricing structure could be more competitive. despite overall acceptable quality.,pricing
"Considering the cost, expectations were higher. but customer support was helpful.",pricing
"The packaging looked slightly worn on arrival. but customer support was helpful. Overall, it was an average experience.",packaging
Build quality feels average and not very premium. but customer support was helpful.,quality
"Delivery updates were not very clear. despite overall acceptable quality. Overall, it was an average experience.",delivery
The product feels slightly expensive for what it offers.,pricing
"Communication from customer care lacked clarity. despite overall acceptable quality. Overall, it was an average experience.",support
The product feels slightly expensive for what it offers. but I expected a better experience.,pricing
"Value for money is somewhat debatable. Overall, it was an average experience.",pricing
"Value for money is somewhat debatable. though pricing felt reasonable. Overall, it was an average experience.",pricing
It works fine but has minor functional problems. even though the packaging was fine.,quality
"The issue was addressed but not efficiently. despite overall acceptable quality. Overall, it was an average experience.",support
The support team provided partial assistance. though pricing felt reasonable.,support
It is not entirely worth the amount paid. despite overall acceptable quality.,pricing
"Value for money is somewhat debatable. but customer support was helpful. Overall, it was an average experience.",pricing
It is not entirely worth the amount paid. although delivery was smooth.,pricing
"Price seems high compared to similar options. although delivery was smooth. Overall, it was an average experience.",pricing
The packaging looked slightly worn on arrival. even though the packaging was fine.,packaging
"Customer support response was somewhat slow. even though the packaging was fine. Overall, it was an average experience.",pricing
"I had to follow up multiple times for resolution. although delivery was smooth. Overall, it was an average experience.",support
"Value for money is somewhat debatable. although delivery was smooth. Overall, it was an average experience.",pricing
"It took longer than usual to arrive. Overall, it was an average experience.",delivery
Overall quality did not fully meet expectations. though pricing felt reasonable.,support
The product performance was not consistent over time. despite overall acceptable quality.,quality
"The packaging looked slightly worn on arrival. although delivery was smooth. Overall, it was an average experience.",packaging
I received it a few days after the promised date. though pricing felt reasonable.,delivery
Protective wrapping was average. though pricing felt reasonable.,packaging
"Outer box appeared a bit damaged. but I expected a better experience. Overall, it was an average experience.",packaging
The item reached me later than expected. though pricing felt reasonable.,delivery
"Communication from customer care lacked clarity. but customer support was helpful. Overall, it was an average experience.",support
Packaging quality could be improved. though pricing felt reasonable.,packaging
"The courier handling felt average. Overall, it was an average experience.",delivery
The product feels slightly expensive for what it offers. though pricing felt reasonable.,support
"It is not entirely worth the amount paid. but customer support was helpful. Overall, it was an average experience.",pricing
The product performance was not consistent over time.,quality
"The courier handling felt average. even though the packaging was fine. Overall, it was an average experience.",delivery
"Considering the cost, expectations were higher.",pricing
Value for money is somewhat debatable. although delivery was smooth.,pricing
"Overall quality did not fully meet expectations. even though the packaging was fine. Overall, it was an average experience.",quality
"Seal condition was not perfect. Overall, it was an average experience.",packaging
"Durability seems slightly questionable. despite overall acceptable quality. Overall, it was an average experience.",quality
Value for money is somewhat debatable. though pricing felt reasonable.,pricing
It took longer than usual to arrive. even though the packaging was fine.,delivery
"The product feels slightly expensive for what it offers. although delivery was smooth. Overall, it was an average experience.",quality
"The support team provided partial assistance. despite overall acceptable quality. Overall, it was an average experience.",support
"The packaging looked slightly worn on arrival. despite overall acceptable quality. Overall, it was an average experience.",packaging
